customer_id,customer_name,gender,city,signup_date
CUST0001,Holly Moody,Female,South Darren,2026-04-02
CUST0002,Thomas Dyer,Female,Davishaven,2025-10-17
CUST0003,Deborah Murray,Female,Josephville,2023-08-19
CUST0004,James Murphy,Male,Walkerton,2024-01-01
CUST0005,Dawn Lynn,Female,Lake Jose,2023-07-18
CUST0006,Stephanie Hill,Male,Stoneside,2023-12-16
CUST0007,Susan Benson,Male,West Marcusview,2026-02-10
CUST0008,Denise Williams,Male,West Kevin,2026-01-12
CUST0009,Charles Mullins,Female,Jenniferport,2024-11-23
CUST0010,Chris Wall,Male,Danielhaven,2025-11-10
CUST0011,Karen Smith,Female,East Stephaniefort,2024-03-09
CUST0012,Ashley Herman,Female,New Richard,2024-05-10
CUST0013,Tammy Marshall,Male,New Stephen,2023-11-12
CUST0014,Yvonne Henry,Male,South Mark,2026-04-17
CUST0015,Sara Lawrence,Female,North Jeremy,2024-01-20
CUST0016,Tina Nash,Female,Sharptown,2025-05-31
CUST0017,Sarah Odonnell,Female,Riveraville,2024-04-27
CUST0018,Juan Harris,Male,Lake Davidbury,2025-09-10
CUST0019,Deanna Rodriguez,Female,North Joe,2026-04-29
CUST0020,Hannah Robertson,Male,Mckinneytown,2023-11-17
CUST0021,Donald Brooks,Female,Greerborough,2025-07-07
CUST0022,Aaron Paul,Male,South Jasmineland,2026-06-07
CUST0023,Stacey Jordan,Male,Mitchellport,2024-10-09
CUST0024,Theresa Kennedy,Female,Johnsonhaven,2026-03-17
CUST0025,Andre Craig,Female,Ritaport,2025-06-29
CUST0026,Amber Shannon,Male,Crystalshire,2023-12-14
CUST0027,Jaime Huff,Male,New David,2025-07-24
CUST0028,Adam Curry Jr.,Male,West Sarahmouth,2024-05-04
CUST0029,Joshua Bennett,Female,Kiarahaven,2023-09-07
CUST0030,Lisa Payne,Male,New Amberchester,2026-03-11
CUST0031,Denise Harris,Male,West Lindafurt,2023-07-20
CUST0032,Pedro Stephenson,Male,Port Taylorville,2024-09-27
CUST0033,Crystal Morris,Female,West Kelsey,2025-11-08
CUST0034,Brad Hill,Female,Port April,2025-05-24
CUST0035,Ann Clayton,Female,Livingstonfort,2025-10-08
CUST0036,Lisa Whitehead,Female,Williamsberg,2024-03-14
CUST0037,Maria Carroll,Male,Dannyberg,2025-03-18
CUST0038,Tanya Aguilar,Male,Patriciahaven,2023-11-29
CUST0039,Mathew Weiss,Female,New Victoria,2023-12-23
CUST0040,Stephanie Zamora,Male,Lake Roger,2024-03-23
CUST0041,Aaron Fox,Female,Port Annborough,2024-12-24
CUST0042,Richard Aguilar,Male,Campbellmouth,2023-08-17
CUST0043,Sabrina Black,Female,West Elizabeth,2025-06-04
CUST0044,Jason Wade,Male,Alexaport,2024-11-22
CUST0045,Dawn Woodard,Male,Jeremychester,2025-11-20
CUST0046,Jesus Ryan,Male,New Lisaberg,2025-02-07
CUST0047,Michael Caldwell,Female,Port Pamela,2024-04-20
CUST0048,Christopher Phillips PhD,Male,East Mariaborough,2025-02-10
CUST0049,Michael Baker,Female,Gregorytown,2025-01-15
CUST0050,Michael Nelson,Male,Port Joseph,2024-04-29
CUST0051,Miss Debbie Hines,Male,East Kyle,2025-04-03
CUST0052,Cassie Hanson,Female,Jonesport,2025-06-17
CUST0053,Kristen Brown,Male,New Melissachester,2024-08-09
CUST0054,Courtney Aguilar,Male,New Mason,2024-03-01
CUST0055,Anthony Serrano,Male,Port Melindahaven,2024-08-07
CUST0056,Jose Hawkins,Male,Baxterport,2025-06-04
CUST0057,Katie Jones,Male,New Joseph,2023-12-20
CUST0058,Elaine Anderson,Female,North Maria,2026-02-18
CUST0059,Wanda Cole,Female,West Raymond,2025-10-01
CUST0060,Krista Torres,Male,West Robert,2024-05-25
CUST0061,Mr. Angel Malone,Female,Dannyburgh,2025-11-20
CUST0062,Donald Garcia,Female,West Colleen,2023-12-12
CUST0063,Christine Williams,Female,Douglasburgh,2026-05-31
CUST0064,Holly Jackson,Male,Port Rachel,2025-09-14
CUST0065,Diana Woods,Female,Rodneystad,2025-04-17
CUST0066,Joseph Reyes,Male,North Gabrielburgh,2023-12-12
CUST0067,Brian Green,Male,North Williamchester,2023-09-21
CUST0068,Madison Johnson,Male,Lake Brenda,2025-12-03
CUST0069,Tammy Silva,Female,North Alexis,2023-09-22
CUST0070,William Gonzales,Female,West Christopher,2024-07-11
CUST0071,Mr. Ricardo Medina Jr.,Female,Lake Georgestad,2024-11-02
CUST0072,Heather Smith,Male,Burgesshaven,2025-11-04
CUST0073,Caitlin Smith,Female,West Brandonberg,2025-01-31
CUST0074,Robert Burke,Male,Johnchester,2025-12-29
CUST0075,Susan Burgess,Female,North Brandonbury,2024-01-01
CUST0076,Alex Hicks,Male,Lake Bradley,2024-10-11
CUST0077,Brenda Downs,Female,Nathanberg,2023-07-09
CUST0078,Maureen Stewart,Female,Port Seanhaven,2024-09-21
CUST0079,Sean Anderson,Male,Michaelbury,2026-05-29
CUST0080,Erik Walker,Female,Lake Robertfort,2023-07-12
CUST0081,James Smith,Female,Martintown,2025-04-27
CUST0082,Anthony Vaughn,Male,New Robert,2024-05-23
CUST0083,Wendy Stewart,Male,Lake Micheal,2024-07-13
CUST0084,Diana Fuller,Male,Adamsburgh,2023-07-16
CUST0085,Charles Castillo,Female,Marquezfurt,2024-09-14
CUST0086,John Berg,Female,New Karashire,2024-08-11
CUST0087,Julie Thomas,Female,Johnberg,2023-10-25
CUST0088,Brian Brown,Male,Jacobland,2023-09-01
CUST0089,Sherri Lee,Male,Lake Kyleburgh,2025-06-08
CUST0090,Courtney Young,Male,East Jamiemouth,2026-04-03
CUST0091,Lisa Cooke,Female,East Sarashire,2024-11-04
CUST0092,Heather Stewart,Female,East Deborah,2026-02-13
CUST0093,Ryan Whitehead,Female,North Ryanview,2023-10-02
CUST0094,Katherine Scott,Male,South Scottberg,2023-08-01
CUST0095,Kimberly Barnes,Female,Blakeland,2025-05-07
CUST0096,Brittany Gay,Male,Bennettburgh,2024-10-22
CUST0097,Dr. Samantha Nunez,Male,Port Robertview,2023-10-17
CUST0098,Vanessa Jarvis,Male,West Biancamouth,2026-06-03
CUST0099,Nicholas Lang,Male,Wendyshire,2024-03-15
CUST0100,Alexandra Morgan,Female,Lancefurt,2024-05-28
CUST0101,Anthony Buck,Male,East Mary,2024-11-07
CUST0102,Charles Ross,Male,North Laurenberg,2024-05-17
CUST0103,Taylor Hoffman,Male,Taylorport,2023-10-23
CUST0104,Roberto Henderson,Male,Justinchester,2025-08-25
CUST0105,Ronald Williams,Female,New Christineside,2026-03-04
CUST0106,Sarah Mitchell,Male,South Donna,2024-02-12
CUST0107,Lauren Sawyer,Male,Markchester,2023-08-05
CUST0108,Jeffrey Cannon,Male,Gordonport,2024-10-28
CUST0109,Ashley Payne PhD,Female,East Stephanie,2024-03-20
CUST0110,Gina Stephens,Female,Antonioview,2025-09-05
CUST0111,James Lee,Female,West Robinborough,2025-04-14
CUST0112,Mr. Mario Flores,Male,North Lindatown,2025-08-29
CUST0113,Joseph Gallegos,Male,Jacobsville,2023-11-22
CUST0114,Ronald Wright,Female,Port Luisside,2025-03-15
CUST0115,Jennifer Vargas,Female,New Eugeneview,2024-11-08
CUST0116,Paul Price,Female,Port Jennifer,2023-09-21
CUST0117,Shelly Johnson,Male,Tammyfort,2025-08-30
CUST0118,Zachary Clark,Male,West Brittanyberg,2024-10-08
CUST0119,Brenda Massey,Female,Scotthaven,2025-09-20
CUST0120,Ronald Morales,Female,North Davidhaven,2025-10-21
CUST0121,Dr. Rhonda Alexander,Male,New Scott,2025-09-25
CUST0122,Cody Crawford,Female,Sandyberg,2023-10-25
CUST0123,Caitlin Phillips,Female,North Patricia,2024-05-05
CUST0124,Debra Riley,Female,Port Charles,2026-02-11
CUST0125,Jonathon Pollard,Female,Bowersport,2025-04-25
CUST0126,Jennifer Decker,Male,South Julietown,2025-02-15
CUST0127,Clifford Adkins,Female,Lake Stephanie,2026-04-29
CUST0128,Jesse Lawrence,Male,Romanview,2023-12-11
CUST0129,Mr. David Garcia,Male,Lucerohaven,2023-12-08
CUST0130,Scott Fuller,Male,Cruzton,2025-04-12
CUST0131,James Espinoza,Female,East Donaldchester,2023-09-03
CUST0132,David Williams MD,Male,Jonestown,2025-08-29
CUST0133,Pamela French,Female,South Wyatt,2024-04-30
CUST0134,Craig Williams,Female,Mccoytown,2025-10-22
CUST0135,Steven Lawrence,Male,North Williambury,2025-02-13
CUST0136,Sarah Price,Female,Normanside,2023-11-20
CUST0137,Danny Osborn,Female,West Tylerhaven,2023-08-09
CUST0138,David Aguilar,Female,Dorothystad,2023-12-17
CUST0139,Sally Schroeder,Male,Lake Loriton,2026-02-20
CUST0140,Dr. Troy Hill,Female,South Robert,2024-07-28
CUST0141,Ryan Gardner,Male,Joelton,2025-12-09
CUST0142,Jeremy Torres,Male,Rodrigueztown,2024-06-19
CUST0143,Janice Jones,Male,New Markchester,2026-01-16
CUST0144,Scott Delacruz,Male,Amandashire,2023-08-05
CUST0145,Mrs. April Flynn,Male,West Jeremy,2023-10-02
CUST0146,Kirk King,Male,Erinbury,2026-01-27
CUST0147,Sabrina Rodriguez,Female,Sandraview,2023-08-22
CUST0148,Douglas Prince,Male,Melissachester,2023-08-26
CUST0149,Travis Bates,Female,Nicolemouth,2025-10-10
CUST0150,Eddie Jackson,Female,Stricklandhaven,2025-03-19
CUST0151,Phillip Olson,Female,Edwinfort,2023-08-09
CUST0152,Sonya Ray,Female,New Maria,2026-01-18
CUST0153,Damon Rodriguez,Female,West Markview,2025-11-25
CUST0154,Sherry Higgins,Female,New Mary,2026-02-14
CUST0155,Steven Hutchinson,Female,Lake Jeffery,2023-09-26
CUST0156,Paul Davis,Male,South Jeffreyburgh,2025-07-27
CUST0157,Tracy Nguyen,Male,Angelaton,2025-09-13
CUST0158,Natalie Sparks,Male,New Matthewshire,2025-03-24
CUST0159,Brittany Scott,Male,Jenkinsview,2025-03-26
CUST0160,Alex Boyd,Female,Scottshire,2026-04-19
CUST0161,Carl Garcia,Male,Johnton,2024-08-06
CUST0162,Brianna Nichols,Male,Georgebury,2024-11-08
CUST0163,Wayne Adkins,Male,Martinton,2023-11-05
CUST0164,Joshua Stevens,Male,Christianbury,2024-10-02
CUST0165,Michael Thomas,Male,Lake Kenneth,2025-06-21
CUST0166,Brian Mcdonald,Male,Davidmouth,2024-09-30
CUST0167,Alexander Johnson,Male,Mooreville,2025-03-25
CUST0168,Vicki Walls,Female,New Katherine,2024-04-04
CUST0169,Alexis Flores,Female,Veronicabury,2025-12-09
CUST0170,Diane Ali MD,Female,Kristenville,2026-06-02
CUST0171,Joseph Carson,Male,Hartmanborough,2026-02-26
CUST0172,Patrick Austin,Female,East Isaiahport,2025-07-16
CUST0173,Wanda Fernandez,Female,Pearsonstad,2025-08-27
CUST0174,Melissa Conway,Male,Josephport,2026-04-06
CUST0175,Kara Torres,Female,East Robertfurt,2023-10-12
CUST0176,Peter Brewer,Female,East Sarah,2025-11-05
CUST0177,John Adams,Female,Lake Allisonfurt,2026-04-11
CUST0178,Amy Garcia,Female,Mcmahonchester,2023-09-15
CUST0179,Gina Lee,Female,North Jose,2026-04-22
CUST0180,Frank Jacobs,Male,North Stephanietown,2024-02-07
CUST0181,Alexis Harris,Female,East Michelle,2025-09-29
CUST0182,Chelsea Harper,Male,Flemingmouth,2023-11-04
CUST0183,Susan Steele,Male,Cherylshire,2024-07-08
CUST0184,Emily Gordon,Female,Barnettstad,2024-11-13
CUST0185,Tracey Larson,Male,Port Adrienne,2024-03-09
CUST0186,Mary Guzman,Female,Drewfurt,2023-09-27
CUST0187,Jennifer George,Male,Bentleyburgh,2023-07-23
CUST0188,Melanie Dawson,Male,Cassieborough,2024-08-05
CUST0189,Zachary Allen,Male,New John,2024-09-29
CUST0190,Louis Cruz,Female,Brittanyfurt,2025-08-07
CUST0191,Kimberly Valdez,Female,Patelburgh,2023-10-09
CUST0192,John Conner,Male,South Williamburgh,2025-04-12
CUST0193,Mason Roberts,Male,West Raymond,2026-02-18
CUST0194,Melissa Collins,Male,Douglasbury,2024-04-02
CUST0195,Benjamin Jackson,Male,Daltonmouth,2024-07-15
CUST0196,Shelly Jefferson,Female,Ashleyborough,2025-06-21
CUST0197,Makayla Roberts,Male,North Collin,2023-08-11
CUST0198,Gina Wells,Male,Natalieside,2025-09-19
CUST0199,Alexander Simmons,Male,Johnsshire,2023-10-09
CUST0200,Alison Cox,Female,Maryhaven,2025-12-01
CUST0201,Brittany Barnett,Male,North Andrew,2025-02-07
CUST0202,Michael Baldwin,Female,Andrewsfurt,2023-09-12
CUST0203,Vanessa Brown,Female,Glenview,2025-09-15
CUST0204,Mason Flores,Female,Victorialand,2024-06-24
CUST0205,James Patton,Female,North Tiffanyland,2024-12-12
CUST0206,Michael Cervantes,Male,Leehaven,2026-01-22
CUST0207,Jamie Carr,Male,South Marvin,2024-02-20
CUST0208,Andrew Wilson,Male,Lake Dylanland,2026-05-07
CUST0209,Michelle Ayala,Male,Lake Danielfurt,2024-09-03
CUST0210,Kyle Schmidt,Female,Kevinbury,2026-03-14
CUST0211,Carol Bishop,Male,Littlestad,2025-02-01
CUST0212,Mallory Young,Female,Rodriguezland,2025-08-07
CUST0213,Mary Christensen,Female,Booneburgh,2026-03-07
CUST0214,Michael Garrett,Female,Lake Jessicafort,2023-08-01
CUST0215,Madeline Manning,Female,North Stacey,2026-06-09
CUST0216,Richard Smith,Male,New Tyler,2025-03-05
CUST0217,Lauren Davis,Male,Garzafurt,2023-06-26
CUST0218,Lance Cowan,Female,Henryton,2025-04-12
CUST0219,William Gonzales,Male,New Carriebury,2025-12-21
CUST0220,Laurie Fernandez,Female,South Melissaview,2024-10-15
CUST0221,Megan Garcia,Female,West Samantha,2024-06-09
CUST0222,Brian Johnson,Female,Lake Amy,2024-01-08
CUST0223,Tabitha Brown,Male,South Walter,2025-11-01
CUST0224,Kathryn Brooks,Male,East Jasonmouth,2023-08-10
CUST0225,Brian Crawford,Female,Lake Rebecca,2025-02-18
CUST0226,Joseph Burke,Male,Allisonfurt,2025-06-01
CUST0227,Olivia Suarez,Female,Danielhaven,2025-11-20
CUST0228,Kathryn Clay,Male,South Tanyashire,2025-09-11
CUST0229,Rebecca Wong,Female,North Joan,2024-03-14
CUST0230,Katie Carter,Male,Richbury,2026-01-20
CUST0231,Darlene Miller,Female,Tiffanymouth,2025-09-01
CUST0232,April Pruitt,Male,Smithtown,2025-10-07
CUST0233,Lauren Hansen,Female,West Kristin,2026-01-22
CUST0234,Amanda Potter,Male,North Thomas,2025-03-12
CUST0235,Nathaniel Stout,Male,Port Andrewchester,2024-03-26
CUST0236,Thomas Walker,Female,Vazqueztown,2023-11-12
CUST0237,James Singh,Male,Wilkinsonmouth,2023-08-27
CUST0238,Justin Gomez,Female,Boydshire,2023-11-03
CUST0239,Jill Thompson,Male,Garciaberg,2025-08-28
CUST0240,Gabriel Smith,Female,Maldonadoton,2024-03-07
CUST0241,Jeremy Sherman,Male,Reesehaven,2023-10-26
CUST0242,Deanna Hood,Female,South Alyssa,2025-09-20
CUST0243,Jeffery Berry,Female,Lisamouth,2025-04-13
CUST0244,Darren Jones,Male,Michaelmouth,2023-12-01
CUST0245,Aaron Johnson,Male,North Matthewland,2024-02-10
CUST0246,John Graves,Male,North Jason,2024-12-14
CUST0247,Clinton Turner,Female,North Laurahaven,2023-12-18
CUST0248,Donna Gilbert,Male,Smithville,2024-05-05
CUST0249,Whitney Bullock,Male,Anthonybury,2025-06-11
CUST0250,Leslie Callahan,Male,North Maryside,2025-01-30
CUST0251,Andrea Edwards,Male,Dannystad,2025-09-03
CUST0252,Ana Phillips,Male,Heathershire,2025-11-14
CUST0253,Preston Lester,Female,New Veronica,2023-06-25
CUST0254,Dustin Patel,Male,North Randallhaven,2025-07-07
CUST0255,Christopher Jones,Female,Curtisbury,2025-11-25
CUST0256,Lori Martin,Female,East Edgarmouth,2025-11-01
CUST0257,Elizabeth Harrison,Male,North Christopher,2024-06-19
CUST0258,Kevin Smith,Female,South Andrehaven,2024-12-04
CUST0259,Dana Jennings,Female,East Matthew,2025-12-13
CUST0260,Susan Myers,Female,Holdenberg,2024-04-03
CUST0261,Deanna Harris,Male,Samanthashire,2025-09-28
CUST0262,William Williams,Female,South Alejandroview,2025-07-13
CUST0263,Thomas Williams,Male,Port Toddborough,2024-04-25
CUST0264,Lynn Garcia,Male,South Tammieville,2023-11-21
CUST0265,Tiffany Campbell,Male,South Melindamouth,2024-07-26
CUST0266,Shannon Scott,Female,East Michael,2025-06-29
CUST0267,Lindsey Evans,Female,Hillfurt,2024-08-20
CUST0268,Stephen Parks,Male,West Stevenberg,2023-11-28
CUST0269,Susan Lam,Female,Philipchester,2025-01-09
CUST0270,Dustin Ramirez,Male,Breannamouth,2025-11-12
CUST0271,Jennifer Walker,Female,Lake Amber,2024-08-17
CUST0272,Aaron Jacobs,Female,Bradleyburgh,2023-11-24
CUST0273,Spencer Payne,Female,Sophiaview,2025-11-06
CUST0274,Sean Morgan,Female,East Bethchester,2024-03-27
CUST0275,Roberta Li,Male,Jenningsburgh,2023-08-25
CUST0276,Robert Anderson,Male,Trevorburgh,2025-01-05
CUST0277,Dean Vaughn,Male,Charlesbury,2026-03-30
CUST0278,Bryan Goodwin,Male,East Sandra,2024-04-23
CUST0279,Tammy Rodriguez,Male,Reedside,2023-08-28
CUST0280,Evelyn Park,Male,West Marvinbury,2024-02-11
CUST0281,Linda Kelly,Female,Gabrielleville,2024-11-06
CUST0282,Ryan Ford,Female,Lake Josephtown,2023-09-25
CUST0283,Carmen Brock,Female,Atkinsborough,2024-05-02
CUST0284,Penny Huff,Male,Edwinview,2024-09-12
CUST0285,Mr. Joseph Holmes DVM,Female,Lake Charlesfurt,2023-09-08
CUST0286,Monique Lewis,Female,New Sarah,2025-08-21
CUST0287,Edward David,Male,Smithburgh,2024-05-25
CUST0288,Miranda Pollard,Male,Gomezfort,2025-07-06
CUST0289,Scott Cooper,Female,Lake Juliehaven,2025-12-15
CUST0290,Kimberly Brown,Male,East Kathleenville,2023-09-02
CUST0291,Jared Medina,Female,Terryview,2025-09-22
CUST0292,Brittney Hicks,Male,Fraziermouth,2024-09-28
CUST0293,Kara Cortez,Male,Bennettberg,2024-11-06
CUST0294,Mary Cook,Male,South Eugenehaven,2025-06-22
CUST0295,Kathryn Gonzalez,Male,North Sandraport,2024-03-25
CUST0296,James Collins,Female,Victoriashire,2025-07-21
CUST0297,Christina Stevens,Male,New Gregoryland,2024-02-18
CUST0298,Gregory Nguyen,Female,Kristinahaven,2025-05-03
CUST0299,Louis Mueller,Male,East Terriside,2025-11-27
CUST0300,Ronald Hall,Male,West Robertburgh,2024-03-12
CUST0301,Nathan Mendoza,Female,Heathland,2025-05-15
CUST0302,Michael Mccarthy,Male,Lake James,2025-08-11
CUST0303,Alex Johnson,Female,Lindaville,2024-08-30
CUST0304,David Franklin,Female,Port Karen,2024-04-08
CUST0305,Michael Hernandez,Male,Emilyton,2024-08-12
CUST0306,Dr. James Donovan,Male,Douglasport,2024-02-20
CUST0307,Dale Wilson,Female,Jamesport,2024-08-04
CUST0308,Cassie Graham,Female,North Victoriaville,2026-05-22
CUST0309,Luis Morales,Male,Lake Rachel,2024-01-07
CUST0310,Mario Christian,Male,Lake Stacychester,2026-01-10
CUST0311,Austin Mason,Male,Port Ryan,2024-02-13
CUST0312,Mary Ward,Male,Port Michael,2024-06-12
CUST0313,Steven Baker,Male,Lake Michaelbury,2025-06-24
CUST0314,Heather Gilbert,Female,Arielport,2025-03-03
CUST0315,Diane Lewis,Male,North Melissamouth,2024-10-08
CUST0316,Patricia Ortega,Female,Lake Loretta,2026-04-30
CUST0317,John Lewis PhD,Female,Hillfort,2024-10-10
CUST0318,Ashley Cook,Male,Lisahaven,2025-04-06
CUST0319,Carl Robinson,Male,Forbesville,2026-02-03
CUST0320,Melinda Davis,Male,Jameston,2025-03-14
CUST0321,Kyle Neal,Male,New Michellemouth,2023-12-19
CUST0322,Sheryl Moore,Male,Port Richard,2024-04-13
CUST0323,Joanna Cannon,Male,Port Jenniferstad,2026-02-18
CUST0324,Brandon Wang,Female,New Mary,2024-08-20
CUST0325,Jennifer Burnett,Female,South Charlesport,2025-08-16
CUST0326,Sabrina Evans,Male,West Adamville,2023-07-07
CUST0327,Mark Jacobs,Male,Port Katherineside,2025-04-30
CUST0328,Jorge Lewis,Female,West Marcusside,2023-07-19
CUST0329,Shawn Tyler,Female,Port Rebecca,2024-09-25
CUST0330,Anthony Raymond,Male,New Cherylview,2023-09-25
CUST0331,Molly Lopez,Female,Lake Crystalmouth,2024-08-02
CUST0332,Donald Nielsen,Female,South Antonio,2024-08-18
CUST0333,Jacqueline Vaughn,Male,North Shannonmouth,2026-01-21
CUST0334,Cory Glover,Male,Lake Jasonport,2024-06-19
CUST0335,David Ramos,Male,Lambertburgh,2025-07-14
CUST0336,Alejandra Hoover,Male,West Claudia,2025-10-05
CUST0337,Mrs. Jennifer Martinez,Female,Lake Charles,2023-10-11
CUST0338,Christopher Bradley,Female,Ronaldview,2025-10-02
CUST0339,Mary Bowers,Male,Lindseyhaven,2024-01-15
CUST0340,Melanie Sullivan,Female,Lake Kevin,2024-01-09
CUST0341,Stephanie Owens,Female,West Melissa,2025-08-13
CUST0342,Jaclyn Rollins MD,Female,Collinsview,2025-03-16
CUST0343,Jerry Barton,Female,South Ashleyshire,2025-12-29
CUST0344,Joshua Dennis,Female,Deborahview,2023-07-08
CUST0345,Jacob Vazquez,Female,Gonzaleston,2023-06-28
CUST0346,Joseph Morton,Female,Coleshire,2025-11-06
CUST0347,Christian Harris,Male,Billyberg,2024-09-05
CUST0348,Amy Ramos,Male,Kimberlyland,2026-01-03
CUST0349,Aaron Edwards,Male,Terrichester,2026-04-22
CUST0350,David Cannon,Female,West Morgan,2025-03-04
CUST0351,Gavin Baldwin,Female,Beanland,2024-06-14
CUST0352,Mr. Joseph Kaufman,Male,Port Tricia,2023-12-07
CUST0353,Phyllis Poole,Female,West Victorland,2025-07-25
CUST0354,Megan Chandler,Female,Tanyashire,2023-09-29
CUST0355,Anthony Colon,Male,New Kimberly,2025-07-29
CUST0356,Ashley Stewart,Male,Susanstad,2024-04-18
CUST0357,Jacqueline Black,Female,North Michaelburgh,2024-10-24
CUST0358,Jason Hansen,Male,Martinezborough,2024-10-01
CUST0359,Guy Weiss,Male,Wallacefort,2024-04-27
CUST0360,Kimberly Walker,Female,Knightberg,2025-08-25
CUST0361,Jeremy Moore,Female,Port Melindamouth,2026-01-23
CUST0362,Pamela Kim,Male,New Cindy,2024-03-19
CUST0363,Brandi Adams,Male,East Edward,2023-12-22
CUST0364,Dana Sandoval,Male,Lake Bryan,2024-09-03
CUST0365,Bradley Turner,Male,Alexbury,2023-12-10
CUST0366,Jessica Hawkins,Female,Cherylchester,2024-04-18
CUST0367,Jack Lee,Female,West Ralphberg,2025-06-01
CUST0368,Samantha Hayes,Female,Port Joanna,2023-08-30
CUST0369,Joshua Hardin,Female,Bettyshire,2025-01-21
CUST0370,Christina Daniel,Female,Andersonton,2024-12-14
CUST0371,James Bell,Male,Saundershaven,2023-08-20
CUST0372,Timothy Jacobs,Female,East David,2025-04-26
CUST0373,Nicole Johnson DVM,Male,East Sheenaside,2024-07-05
CUST0374,Dr. Joshua Walker,Female,Lake Kristin,2024-10-06
CUST0375,Gary Carlson,Male,Camposview,2024-03-09
CUST0376,Alan Burnett DVM,Female,Jonathanfort,2023-06-26
CUST0377,Aaron Frank,Male,North David,2026-05-10
CUST0378,Charles Peters,Female,West Jenniferport,2023-12-01
CUST0379,Lisa Villanueva,Male,Hardingberg,2025-03-29
CUST0380,Michael Mullins,Female,North Marissaburgh,2026-03-11
CUST0381,Thomas King,Female,Murillotown,2025-10-25
CUST0382,Noah Miller,Female,Matthewberg,2025-10-20
CUST0383,Matthew Hale,Male,North Paul,2025-12-13
CUST0384,Aaron Smith,Male,Thomaschester,2023-12-22
CUST0385,Brittany Thomas,Female,Gregorymouth,2023-10-01
CUST0386,Lisa Underwood,Male,Harrischester,2025-06-21
CUST0387,Charles King,Male,North Cassietown,2025-10-25
CUST0388,Shelly Castillo,Male,Juliemouth,2025-07-22
CUST0389,Dylan Martin,Female,New Stuartview,2023-10-31
CUST0390,Rachel Krueger,Male,Rodriguezfort,2025-01-26
CUST0391,Sierra Cox,Female,Stephaniefurt,2025-11-08
CUST0392,Joshua Mercer,Female,Robertmouth,2023-10-07
CUST0393,Lisa Mclaughlin,Female,South David,2024-12-19
CUST0394,Carla Tucker,Male,East Kimberly,2024-07-18
CUST0395,Monique Franklin,Male,Lake Debbieburgh,2023-08-20
CUST0396,Alexis Burns,Male,South Rebekahbury,2025-06-28
CUST0397,Michael Johnson,Female,South Matthewhaven,2024-08-09
CUST0398,Christopher Hawkins,Male,North Julie,2024-03-14
CUST0399,Patrick Allen,Male,Richardville,2025-10-20
CUST0400,Justin Sellers,Female,Kyleberg,2026-06-05
CUST0401,Donald Hernandez,Female,Jeffreyhaven,2023-10-04
CUST0402,James Sanchez,Male,Tylerburgh,2026-01-10
CUST0403,Monica Johnson,Male,East Meganfort,2026-03-17
CUST0404,James Houston,Male,South Dalton,2024-10-13
CUST0405,Francisco Hall,Female,Parkborough,2024-05-14
CUST0406,Kathryn Goodman,Male,New Stephenbury,2024-12-06
CUST0407,Ivan Hall,Female,Tammieberg,2026-05-28
CUST0408,Stephanie Reyes,Male,Hallmouth,2025-03-25
CUST0409,Cody Riggs,Male,South Ricky,2025-01-07
CUST0410,Danielle Glover,Male,Eddiestad,2024-05-28
CUST0411,Stuart Jones,Male,Port Kevin,2026-03-03
CUST0412,Michael Sutton,Female,South Clayton,2026-03-20
CUST0413,Joan Richardson,Female,Brandystad,2023-09-30
CUST0414,Donald Hodge,Female,Beckermouth,2026-03-27
CUST0415,Ian Johnson,Female,West Melvinmouth,2024-08-31
CUST0416,Vincent Foster,Female,Jonesview,2025-09-28
CUST0417,Michael Carroll,Female,Port Megan,2024-06-23
CUST0418,Janet Rose,Male,Randyland,2025-07-20
CUST0419,Kayla Sanchez,Male,Millstown,2026-06-02
CUST0420,Sarah Lin,Female,New Jenniferview,2026-06-11
CUST0421,Jeffrey Sandoval,Male,Sueview,2026-04-19
CUST0422,Michelle Mccormick,Female,Port Lisamouth,2023-11-28
CUST0423,Mackenzie Ray,Female,Port Dakotashire,2024-12-05
CUST0424,Scott Walsh,Male,Kiddstad,2023-07-01
CUST0425,Nicholas Galloway,Female,Stephenshire,2024-10-17
CUST0426,Randy Johnston,Female,North Marilynchester,2025-09-28
CUST0427,Jeffrey Bean,Male,Crystalburgh,2025-10-17
CUST0428,Erika Smith,Male,Kirkfurt,2025-06-23
CUST0429,Gregory Mason,Male,North Stephanietown,2026-01-17
CUST0430,Emily Martin,Male,Port Allisonshire,2024-09-25
CUST0431,John Ayers,Male,West William,2024-04-24
CUST0432,Craig Adams,Female,Barajasborough,2025-12-06
CUST0433,Christopher Banks,Male,New Daniel,2024-07-28
CUST0434,Sara Durham,Female,Theresaland,2023-09-27
CUST0435,Jenna Dominguez,Male,Walterschester,2024-03-14
CUST0436,John Miller,Male,South Elizabethshire,2024-08-06
CUST0437,Jessica Guerrero,Male,Tannerbury,2025-03-31
CUST0438,James Harris,Male,West Toni,2024-05-25
CUST0439,Allen Wilson,Female,Shortmouth,2023-06-30
CUST0440,Richard Bird,Female,North Bobbyland,2024-01-04
CUST0441,Cassandra Li,Female,West Kenneth,2023-06-26
CUST0442,Kimberly Hudson,Female,Dianamouth,2025-06-12
CUST0443,Kathryn Ruiz,Female,Heathermouth,2024-09-25
CUST0444,Justin Washington,Female,Mooretown,2026-05-05
CUST0445,Ashley Clark,Male,Lindaberg,2025-05-12
CUST0446,Sandra Rodriguez,Female,Lake Stephen,2026-02-22
CUST0447,Roberto Hurst,Female,North John,2024-04-18
CUST0448,Kimberly Middleton,Male,Deleonville,2024-08-05
CUST0449,Natalie Lawrence,Male,Rickyborough,2024-08-14
CUST0450,William Sanders,Female,East Tina,2023-12-03
CUST0451,Alison Dillon,Female,Kingside,2025-11-03
CUST0452,Laura Dunlap,Female,Lake Kevin,2023-11-17
CUST0453,Kimberly Porter,Male,Dorseyview,2025-09-01
CUST0454,Tammy Chan,Female,West Kelseytown,2024-07-25
CUST0455,Arthur Sharp,Male,Port Teresaside,2024-12-23
CUST0456,Michelle Gallegos,Male,Lewisville,2023-10-19
CUST0457,Bradley Myers,Male,Williamhaven,2023-09-06
CUST0458,Robert Thompson,Male,Leehaven,2024-02-06
CUST0459,Debra Farmer,Male,Lake Steventown,2024-08-26
CUST0460,James Estrada,Male,Port Brendamouth,2025-01-08
CUST0461,Laura Gentry,Male,Lake Benjaminfurt,2025-02-06
CUST0462,Sabrina Graham,Female,Clarkbury,2025-06-11
CUST0463,Adam Reese,Female,Lake Christopher,2026-03-01
CUST0464,Barry Moon,Male,Alexanderchester,2023-09-26
CUST0465,Julia Carlson,Female,Veronicabury,2026-06-09
CUST0466,Scott Rivers,Male,Matthewtown,2023-10-19
CUST0467,Kaitlyn Best,Male,Clarkside,2024-06-24
CUST0468,April Williams,Female,East Lauren,2026-01-16
CUST0469,William Miles,Male,South Lauraton,2024-11-30
CUST0470,Jeremy Abbott,Male,Marialand,2026-01-28
CUST0471,Stephen Harris,Male,South Lindaton,2025-03-17
CUST0472,Dawn Henderson,Female,Port Tyler,2023-07-28
CUST0473,Olivia Miller,Male,South Jennifer,2025-04-10
CUST0474,Rebecca Meyer,Male,Lake Kathleenshire,2024-07-19
CUST0475,Whitney Barnett,Male,West Jennifer,2023-08-02
CUST0476,Kimberly Torres,Female,Miguelhaven,2025-01-07
CUST0477,Brenda Stone,Female,Jacquelineside,2024-03-08
CUST0478,Karen Romero,Female,West Kaylamouth,2025-12-04
CUST0479,Julia Schroeder,Male,Moorefort,2024-11-04
CUST0480,Steven Rose,Female,Mathisstad,2025-10-30
CUST0481,Andrew May,Female,Garciaberg,2026-04-14
CUST0482,Amy Smith,Male,Port Michael,2023-12-18
CUST0483,Wanda Lewis,Male,Davidmouth,2024-02-07
CUST0484,Jenny Medina,Female,East Mirandaborough,2026-05-05
CUST0485,Tina Vasquez,Male,West Laurenton,2026-06-08
CUST0486,Elizabeth Rodgers,Female,Port Christinastad,2025-02-15
CUST0487,Bradley Long,Female,Reneehaven,2024-06-17
CUST0488,Jessica Knapp,Male,East Alfredstad,2025-05-12
CUST0489,Angelica Wilkerson,Male,Davidberg,2024-03-06
CUST0490,Jessica Garcia,Female,Loganville,2024-01-16
CUST0491,Tamara Long,Male,South Michelle,2025-03-02
CUST0492,Jesse Hall,Male,North Sydney,2024-06-14
CUST0493,Edgar Stout,Female,Barbarafurt,2023-07-22
CUST0494,Mr. James Bowen,Male,Fergusonstad,2024-09-17
CUST0495,Nancy Thomas,Female,West Christian,2025-04-20
CUST0496,James Macias,Female,New Makayla,2026-03-19
CUST0497,Jeremy Lee,Male,Danashire,2023-12-10
CUST0498,Dennis Johnson,Male,Jordanville,2025-07-10
CUST0499,Christina Norman,Female,Baileyburgh,2024-08-07
CUST0500,Annette Jones,Female,Thomasberg,2024-09-20
CUST0501,Michael Bryant,Male,South Rayshire,2025-05-16
CUST0502,Dylan Mejia,Female,New Laura,2025-09-27
CUST0503,Darren Benton,Female,East Veronicaland,2024-05-26
CUST0504,Steven Ortega,Male,North David,2026-01-07
CUST0505,James Yang,Female,Martineztown,2023-10-14
CUST0506,Thomas Cummings,Female,Hudsonmouth,2024-06-10
CUST0507,Sierra Benson,Male,East Josephstad,2025-07-21
CUST0508,Jennifer Collier DVM,Male,Michaelborough,2024-03-10
CUST0509,Justin Cook,Female,North Lisafurt,2024-11-06
CUST0510,Lisa Mendez MD,Female,South Davidfort,2024-08-15
CUST0511,Michelle Turner,Male,Marktown,2024-03-29
CUST0512,Dylan Davidson,Male,Lake Briantown,2025-11-08
CUST0513,Jeremy Koch,Female,Jacobland,2025-07-26
CUST0514,Michael Adams,Male,North Dustin,2024-01-18
CUST0515,Anthony Sanders,Female,Nicholaschester,2023-07-16
CUST0516,Deanna Carr,Female,Montoyatown,2025-08-01
CUST0517,Krista Wright,Male,Port Brooke,2023-11-30
CUST0518,Paul Ayala,Male,Benjaminside,2025-01-01
CUST0519,Ariana Briggs,Female,Lewischester,2024-10-08
CUST0520,Krystal Fisher,Male,New Scottfort,2025-07-29
CUST0521,Travis Morrow,Male,New Matthewland,2025-11-16
CUST0522,Jennifer Weber,Female,New Lisa,2025-09-08
CUST0523,Pamela Gutierrez,Male,Vasquezfurt,2024-02-21
CUST0524,Annette Lewis,Male,Mclaughlinland,2025-11-26
CUST0525,Sierra Walsh,Male,Faulknerbury,2023-09-04
CUST0526,Gabriela Bishop,Male,Nicolehaven,2024-10-16
CUST0527,Leonard Vargas,Female,North Lisaport,2026-05-25
CUST0528,Deborah Byrd,Female,New Sarah,2024-03-27
CUST0529,Mark Bailey,Male,Aaronville,2025-10-03
CUST0530,Stephanie Robinson,Female,Matthewmouth,2025-12-24
CUST0531,Samantha Decker,Female,Marieport,2024-08-08
CUST0532,Jasmine Brown,Male,South Beth,2025-07-20
CUST0533,Willie Boyd,Male,Williamhaven,2025-07-19
CUST0534,Melissa Hale,Male,Howardbury,2023-10-23
CUST0535,Jeremy Castro,Male,West Jasonburgh,2023-08-26
CUST0536,Kevin Waller,Male,North Richard,2023-12-23
CUST0537,Jesse Barnes,Female,Port Kellychester,2025-03-15
CUST0538,George Riley,Male,Hardinberg,2023-09-30
CUST0539,Kayla Chavez,Male,North Scottborough,2024-12-21
CUST0540,Michael Garcia,Female,Pamelaview,2026-05-20
CUST0541,Wendy Moore,Female,Bryantstad,2024-06-19
CUST0542,Mark Howard,Male,Lake Rebecca,2026-03-24
CUST0543,Joseph Torres,Male,Port Adam,2025-10-11
CUST0544,Gregory Stewart,Female,Jamesshire,2025-07-26
CUST0545,Stephanie Collins,Male,North Tonyville,2023-10-22
CUST0546,Taylor Howard,Female,North Markhaven,2024-03-08
CUST0547,Jeff Long,Female,South Kimbury,2026-01-27
CUST0548,Bradley Davis,Female,Parrishside,2023-10-09
CUST0549,Devin Miller,Female,Haneyhaven,2025-03-28
CUST0550,Francisco James,Male,South Kelly,2026-03-10
CUST0551,Nicholas Spears MD,Female,West Brianshire,2025-01-06
CUST0552,Rachel Coleman,Male,Shannonborough,2024-08-29
CUST0553,Mark Best,Female,Suttonburgh,2026-02-22
CUST0554,Justin Wu,Male,Port Christopherside,2023-08-21
CUST0555,Carlos Rivera,Male,New Jacobmouth,2026-05-25
CUST0556,Joel Jackson,Male,Lindseyhaven,2023-10-14
CUST0557,Robin Gibbs,Female,New William,2023-12-07
CUST0558,Annette Bates,Female,Lake Austin,2025-06-13
CUST0559,Stephanie Cook,Male,East Jessica,2025-02-21
CUST0560,Haley Smith,Male,Erichaven,2023-10-01
CUST0561,Michael Harris,Female,East Robertshire,2023-12-27
CUST0562,William Mcdonald,Male,Smithside,2025-08-30
CUST0563,Christopher Martin,Female,New Kari,2025-04-04
CUST0564,Ruben Mack,Female,Lambertfurt,2024-03-04
CUST0565,Amanda Garcia,Female,Jasonmouth,2026-01-10
CUST0566,Kevin Olson,Female,Masonside,2025-08-14
CUST0567,Mary Walter,Female,Boonehaven,2025-03-16
CUST0568,Amy Brady,Female,Bradyton,2023-11-05
CUST0569,Ryan Copeland,Male,Calebfurt,2025-05-12
CUST0570,Heather Rodgers,Female,New Ericmouth,2025-11-23
CUST0571,Charles Clark,Female,Oneillborough,2023-10-06
CUST0572,Robyn Ingram,Male,Schwartzview,2024-08-06
CUST0573,Samantha Vargas,Female,Kathrynside,2023-10-11
CUST0574,Adam Cooper,Female,Leemouth,2025-08-08
CUST0575,Joshua Sherman,Male,New Sergio,2024-09-15
CUST0576,Lawrence Martinez,Male,Silvaton,2025-06-03
CUST0577,Kelly Davis,Male,Ashleyton,2023-08-15
CUST0578,John Bryant,Female,Harrisburgh,2024-03-29
CUST0579,Kelsey Conway,Female,Nguyenland,2024-05-17
CUST0580,Drew Miller,Female,Scottton,2024-09-28
CUST0581,Jamie Russell,Male,South Codystad,2023-08-23
CUST0582,Nicholas Campbell,Male,South Alexanderland,2024-02-28
CUST0583,Michael Taylor,Male,New Katrina,2024-10-06
CUST0584,Heather Houston,Female,Wilsonburgh,2023-08-01
CUST0585,Jennifer Leon,Male,Sheilabury,2024-11-22
CUST0586,Crystal Bass,Female,West Paulberg,2024-04-06
CUST0587,Christina Shea,Male,North Danielside,2024-02-13
CUST0588,Troy Thomas,Male,North Dustin,2024-02-26
CUST0589,Daniel Edwards,Female,Port Amy,2024-01-12
CUST0590,Aaron Kaiser,Male,Port Brendan,2024-05-16
CUST0591,Kristin Vargas,Male,East Davidfurt,2025-10-08
CUST0592,Ashley Lewis,Male,East Kathleenville,2025-03-02
CUST0593,Jennifer Burke,Male,Gomezport,2023-08-12
CUST0594,Zachary Walters,Male,Christinahaven,2026-01-06
CUST0595,Jeremy Hill,Female,Mccoyberg,2024-11-03
CUST0596,Yolanda Salas,Male,Jenningsburgh,2023-09-24
CUST0597,Noah Stevenson,Female,Copelandchester,2024-08-17
CUST0598,Richard Pineda,Male,Lake Sue,2025-06-30
CUST0599,Tammy Dillon,Male,East Bruce,2026-02-21
CUST0600,Lauren Bell,Female,Port Edward,2023-10-22
CUST0601,Justin Preston,Male,Elijahville,2023-08-06
CUST0602,Chad Hall,Male,South Ianfurt,2024-01-02
CUST0603,Tyler Russell,Female,North Scott,2024-04-13
CUST0604,Eduardo Scott,Male,Glennport,2026-03-03
CUST0605,Denise Daniels,Female,Port Johnstad,2023-12-11
CUST0606,Anthony Gilbert,Male,Andersonport,2023-07-17
CUST0607,Todd Bailey,Male,Greentown,2026-03-06
CUST0608,Stephanie Wallace,Female,Lake Robertville,2025-05-28
CUST0609,Deborah Villanueva,Male,Port Cynthiaville,2026-05-14
CUST0610,Dennis Dominguez DDS,Female,East Heather,2024-11-28
CUST0611,Melissa Long,Female,Anneberg,2023-08-10
CUST0612,Andrea Roth,Male,East Shannonborough,2025-01-17
CUST0613,Jessica Glass,Female,Lake Christopher,2024-01-22
CUST0614,Douglas Lucas,Male,South Michael,2024-11-28
CUST0615,Chelsea Duran,Male,Gonzalezland,2025-04-05
CUST0616,Gregory Wallace,Female,Kennethmouth,2024-10-17
CUST0617,Briana Melendez,Male,Delacruzshire,2023-07-21
CUST0618,Christopher Walsh,Female,Lorettaberg,2025-07-24
CUST0619,Dana Hanna,Male,West Philip,2025-10-21
CUST0620,Bruce Jones,Female,South Amberside,2024-03-08
CUST0621,Tiffany Barry,Female,North Roberto,2024-05-16
CUST0622,George Hood,Male,Port Robertville,2024-01-16
CUST0623,Vicki Santiago,Male,New Leahshire,2023-10-27
CUST0624,Matthew Carney,Female,Jeremymouth,2023-11-25
CUST0625,Jessica Gallegos,Female,Vincentborough,2023-09-14
CUST0626,Rebecca Lawrence,Female,New Bettyview,2025-04-10
CUST0627,Larry Beck,Male,New Kevinberg,2023-07-07
CUST0628,Katherine Walker,Male,North Kenneth,2025-11-05
CUST0629,Cynthia Keller,Female,North Michael,2025-08-19
CUST0630,Michele Craig,Female,North Angelamouth,2025-10-28
CUST0631,Brian Meyer,Female,Villaburgh,2025-03-07
CUST0632,Kristi Ross,Female,South Crystal,2026-05-30
CUST0633,Brittney Cochran,Male,East Richard,2024-07-02
CUST0634,Meredith Johnson,Male,Orozcoland,2025-07-21
CUST0635,Ryan Rhodes,Female,Josephside,2024-10-27
CUST0636,Michelle Nichols,Male,Hayesmouth,2023-08-23
CUST0637,Louis Johnson,Female,Haileyshire,2024-10-28
CUST0638,Nathaniel Barrera,Male,West Lisa,2025-01-30
CUST0639,Charles Barnes,Male,South Elizabethside,2025-08-20
CUST0640,George Johnson,Male,Jenniferville,2025-08-10
CUST0641,Rodney Martinez,Male,North Jeffreyburgh,2023-09-09
CUST0642,Drew Morgan,Female,Davidton,2025-10-29
CUST0643,Lisa Schmidt,Female,New Karitown,2026-02-14
CUST0644,Mary Mason,Male,New Zacharyberg,2024-11-15
CUST0645,Ryan Douglas,Male,South Michelle,2026-01-11
CUST0646,Stephanie Carter,Male,Lake Christianstad,2026-01-21
CUST0647,Brandon Bryant,Female,Kerrside,2024-02-04
CUST0648,Jose Jones,Male,Joehaven,2024-05-25
CUST0649,April Jackson,Female,Tiffanyland,2024-09-03
CUST0650,Lauren Crosby,Female,North Jeffrey,2024-05-02
CUST0651,Michael Baker,Female,Johntown,2024-08-30
CUST0652,Tina King,Female,Angelamouth,2024-06-20
CUST0653,Lisa Kelly,Male,Kaufmanland,2025-06-09
CUST0654,Erin Herrera,Female,New Christopher,2023-07-13
CUST0655,Hannah Martinez,Female,West Lucas,2024-06-10
CUST0656,Richard Moore,Female,Bowenton,2025-08-09
CUST0657,Deborah Garcia,Female,Lake Rodney,2025-04-14
CUST0658,Richard Walker,Male,Carpenterbury,2024-06-10
CUST0659,Philip Armstrong,Male,East Leahshire,2026-01-05
CUST0660,Luis Wong,Male,Phillipsville,2024-01-17
CUST0661,Jessica Hawkins,Female,North Stephanieshire,2024-05-20
CUST0662,Lisa Rodriguez,Male,Matthewborough,2025-11-11
CUST0663,Emma Davis,Male,Joannastad,2024-05-15
CUST0664,Kerry Wilkins,Female,Ricemouth,2024-09-09
CUST0665,Gloria Jones,Female,Port Dennis,2026-04-02
CUST0666,Mark Price,Male,South Matthew,2024-06-25
CUST0667,Jonathan Bell,Male,Rodriguezshire,2025-02-12
CUST0668,Stephanie Maddox,Female,Reesehaven,2023-12-13
CUST0669,Molly Shaw,Male,Walkerport,2026-01-20
CUST0670,Mary Castillo,Female,North Cindy,2024-09-14
CUST0671,Jessica Cobb,Male,East Aaronborough,2023-10-21
CUST0672,James Davis,Female,South Williamview,2026-04-05
CUST0673,Billy Garcia,Female,Christopherview,2025-09-28
CUST0674,Kerry Thomas,Female,East Juliemouth,2023-11-01
CUST0675,Linda Jackson,Male,Millerchester,2025-07-11
CUST0676,Kathleen Garcia,Male,Lake Melvin,2025-08-23
CUST0677,Crystal Nelson DVM,Male,Richardmouth,2024-10-27
CUST0678,Ashley Aguilar DDS,Male,Craigchester,2024-09-12
CUST0679,Tonya Estrada,Male,East Ashley,2025-11-19
CUST0680,Charles Matthews DDS,Female,Lake Katherine,2025-06-10
CUST0681,Kathleen Brooks,Female,New Brian,2024-02-17
CUST0682,Rachel Carr,Female,New Michaelfurt,2024-10-05
CUST0683,Roberta Clark,Female,Lozanoville,2023-09-26
CUST0684,Steven Gonzalez,Female,North Brianport,2023-06-14
CUST0685,Sarah Cordova,Male,Kingstad,2024-05-27
CUST0686,Manuel George,Male,Port Tommyville,2024-06-25
CUST0687,Dylan Sanders,Female,East Kathrynland,2025-11-03
CUST0688,Catherine Jackson,Male,Samuelberg,2023-07-28
CUST0689,Teresa Oneill,Male,South Bradmouth,2023-12-31
CUST0690,Madison Reynolds,Female,Port Nancy,2023-07-12
CUST0691,Jessica Sexton,Male,Deborahbury,2024-01-13
CUST0692,Michael Robinson,Female,Buckleyburgh,2025-04-15
CUST0693,Hunter Estrada,Female,Port Courtneyville,2024-12-11
CUST0694,Timothy Aguirre,Female,New Susanside,2024-07-03
CUST0695,Kayla Bennett,Female,Cummingston,2026-02-23
CUST0696,Jason Travis,Female,Johnborough,2025-08-02
CUST0697,Vanessa Potts MD,Male,Martinside,2025-03-16
CUST0698,Alexis Long,Male,South Denise,2026-04-11
CUST0699,David Morgan,Female,West Shaneborough,2025-07-12
CUST0700,Scott Smith,Male,Rodneyside,2025-12-14
CUST0701,Mark Garner,Female,West Cheryl,2025-05-26
CUST0702,Steven Carson,Male,Port Jennifer,2024-08-25
CUST0703,Sarah Meadows,Male,Michelleland,2024-12-23
CUST0704,Bobby Brown,Male,East Kerri,2026-05-18
CUST0705,Donna Peters,Female,East Marilynchester,2025-01-25
CUST0706,Danielle Jackson,Female,Ryanberg,2024-04-20
CUST0707,David Dalton,Male,South Logan,2023-10-26
CUST0708,Charles Ramirez,Female,Hartmanside,2026-01-12
CUST0709,Garrett Wright,Male,Mccarthyton,2025-05-19
CUST0710,Jennifer Hudson,Male,South Victor,2026-03-11
CUST0711,James Williamson,Male,West Susanchester,2024-03-14
CUST0712,Angela Stark,Male,New Susan,2024-02-14
CUST0713,Valerie Vasquez,Female,Port Christopherland,2025-01-30
CUST0714,Jason Fischer,Male,Lesliehaven,2024-08-28
CUST0715,Linda Hunt,Male,Bowerschester,2026-01-25
CUST0716,Cathy Stephenson,Female,New Tylerland,2024-05-03
CUST0717,Robert Andrews,Male,Morenofurt,2025-12-15
CUST0718,Howard Long,Male,Lake Thomas,2024-07-22
CUST0719,Kelly Walker,Female,Olsonmouth,2026-05-16
CUST0720,William Morales,Male,Port Tracey,2024-07-26
CUST0721,Kyle Herrera,Female,North Brentville,2024-08-27
CUST0722,Thomas Gonzalez,Female,Russellberg,2025-05-02
CUST0723,Daniel Perez,Male,Rodgerston,2026-03-04
CUST0724,Corey Stewart,Male,Smithview,2025-12-20
CUST0725,Brenda Jackson,Female,Debramouth,2026-01-31
CUST0726,Alexandra Harris,Female,North Alberttown,2025-03-16
CUST0727,Jeremy Guerrero MD,Female,Beverlymouth,2025-08-17
CUST0728,Melissa Lloyd,Female,West Coreyville,2025-08-31
CUST0729,Lucas Diaz,Male,South Joanneside,2025-12-09
CUST0730,Kimberly Andrade,Male,Craigland,2024-01-11
CUST0731,Brandon Webster,Female,Lake Taylor,2025-12-28
CUST0732,Michelle Howard,Male,Kathleenview,2025-07-26
CUST0733,Hunter Bradley,Female,East Helenstad,2024-07-18
CUST0734,Matthew Rhodes,Male,Heatherchester,2026-02-05
CUST0735,Dr. Elizabeth Rivera DVM,Female,North Anthonystad,2023-11-10
CUST0736,Wendy Butler,Male,North Andrew,2023-11-03
CUST0737,David Harvey,Female,New Pamela,2025-02-02
CUST0738,Jason Houston,Female,West Carlos,2024-06-17
CUST0739,Zachary Morris,Male,Patelland,2025-05-05
CUST0740,Mark Perry,Female,Port Billy,2025-07-04
CUST0741,Timothy Hall,Female,Blackville,2025-10-26
CUST0742,Matthew Davis,Female,Garyton,2025-11-25
CUST0743,Jay Weaver,Female,Tranmouth,2024-08-22
CUST0744,Elizabeth Brown,Male,Cristianborough,2026-02-07
CUST0745,Grace Morales,Female,Joneschester,2023-09-10
CUST0746,Sean Herrera,Male,North Eugene,2026-03-23
CUST0747,Stacey Bell,Male,Wagnerville,2024-05-04
CUST0748,Mark Martin,Male,Katherineville,2025-05-06
CUST0749,Dawn Keith,Male,Mccormickbury,2025-09-25
CUST0750,Kathleen Howell,Female,South Christina,2024-09-24
CUST0751,Corey Scott,Male,Kevinland,2024-01-31
CUST0752,Heather Johnson,Female,Jacobberg,2025-05-09
CUST0753,John Thomas,Male,Ericaburgh,2025-02-19
CUST0754,Renee Johnson,Male,Port Natalie,2023-12-18
CUST0755,Richard Nunez,Male,Lake Christinaberg,2024-09-18
CUST0756,Katie Ruiz,Female,Riveraberg,2024-10-05
CUST0757,Roger Green,Male,Eugenehaven,2025-03-02
CUST0758,Mrs. Elizabeth Wagner,Female,Lake Kathrynland,2026-05-25
CUST0759,Christopher Guzman,Male,North Rebeccahaven,2025-08-17
CUST0760,John Long,Male,Jacquelinemouth,2025-06-13
CUST0761,John Bailey,Male,Lisachester,2024-05-07
CUST0762,April King,Female,Beverlyfurt,2026-01-17
CUST0763,Aaron Long,Female,Port Daniel,2025-02-13
CUST0764,Ruben Ramirez,Female,Martinview,2025-02-02
CUST0765,Linda Collins,Female,Daystad,2026-02-09
CUST0766,Marilyn Wu,Male,New Shannonfort,2026-01-10
CUST0767,Lisa Roberts,Female,Batesport,2025-08-16
CUST0768,Joseph Ray,Female,Trevorland,2023-09-08
CUST0769,Patrick Green Jr.,Female,West Jeffreymouth,2024-02-20
CUST0770,David Harding,Male,Wilsonchester,2024-10-18
CUST0771,Morgan Cameron,Male,Jerryville,2023-12-19
CUST0772,James Baker,Male,Mullinston,2025-09-02
CUST0773,Michael Smith,Female,Port Kathleen,2024-10-29
CUST0774,Kevin Smith,Male,Bakermouth,2025-01-11
CUST0775,Michelle Hansen,Female,Taylorborough,2025-02-10
CUST0776,Howard Edwards,Male,West Mary,2025-04-01
CUST0777,Amanda Huffman,Male,North Tiffanyland,2026-05-11
CUST0778,Jennifer King,Female,Blackborough,2025-04-01
CUST0779,Thomas Sampson,Female,North Joseph,2025-01-09
CUST0780,Dennis Hall,Female,Tracyland,2023-09-15
CUST0781,Amy Hughes,Male,Martinezhaven,2024-01-18
CUST0782,Nicolas Morton,Female,Santiagoton,2024-01-07
CUST0783,Shane Wallace,Female,Priceside,2023-08-15
CUST0784,Gerald Stevens,Male,Lake Stephenmouth,2025-11-11
CUST0785,Kerry Hernandez,Female,East Leslie,2024-04-04
CUST0786,William Graves,Female,Davidland,2025-05-09
CUST0787,Zachary Davis,Male,South Philliptown,2023-08-07
CUST0788,Elizabeth Wiggins,Male,Watkinstown,2025-05-08
CUST0789,Michael Hurst,Female,New Samantha,2025-12-19
CUST0790,Crystal Page MD,Female,Reginaborough,2025-03-30
CUST0791,Eric Castillo,Female,Port Katelyn,2023-08-04
CUST0792,Roy Daniels,Female,Cassandraland,2023-12-13
CUST0793,Melvin Munoz,Female,Christophershire,2025-02-12
CUST0794,Susan Williams,Female,West Arthur,2025-01-28
CUST0795,Kenneth Bowman,Female,North Alyssafurt,2024-02-10
CUST0796,Brian Harris,Male,Josephberg,2025-08-20
CUST0797,Katie Guerrero,Female,West William,2025-08-02
CUST0798,Raymond Winters,Female,Salazartown,2023-06-25
CUST0799,Lisa Miller,Male,New Margaret,2024-11-10
CUST0800,Mr. John Humphrey,Female,North Michaelbury,2026-02-24
CUST0801,Caleb Torres,Female,South Robertview,2026-05-24
CUST0802,Lisa Gonzales,Male,Jonesbury,2024-09-25
CUST0803,Richard Moreno,Male,New Tonya,2025-10-03
CUST0804,Daniel Reed,Male,Davidfort,2025-01-02
CUST0805,Jeffrey Webb,Male,Scottmouth,2024-01-24
CUST0806,Barry Mccormick,Male,Port Abigail,2026-03-12
CUST0807,Alyssa Craig,Male,Alexandershire,2025-11-23
CUST0808,Jonathon Harper,Male,Port Bradberg,2025-09-05
CUST0809,Maria Preston,Female,North Alyssa,2026-04-26
CUST0810,Kara Hampton,Female,West Brandon,2024-11-02
CUST0811,Christopher Greer,Male,Parkermouth,2026-04-26
CUST0812,Joshua Parrish,Female,South Robert,2024-04-29
CUST0813,Kelsey Hayes,Female,Hawkinsport,2025-07-27
CUST0814,Brittany Lee,Male,New Jennifer,2024-05-13
CUST0815,Melissa Nguyen,Female,North Michael,2024-05-30
CUST0816,Traci Patrick,Female,Gonzalezbury,2024-02-06
CUST0817,Joe Perez,Male,West Shaneville,2023-10-08
CUST0818,Aaron Lutz,Female,Port Lisaville,2023-10-06
CUST0819,Kim Thomas,Male,New Jacobfort,2026-01-20
CUST0820,Teresa Mathews,Female,Russellfurt,2026-04-26
CUST0821,Herbert Robinson,Male,Kennethhaven,2024-07-18
CUST0822,Christine Murray,Male,Jonesville,2025-04-02
CUST0823,Jacob Robinson,Male,Melissafurt,2024-10-08
CUST0824,Karen Richards,Male,South Jacob,2024-07-12
CUST0825,Jason Davis,Female,Veronicafort,2025-09-13
CUST0826,Ronald Scott,Female,Kingberg,2025-03-13
CUST0827,Philip Butler,Female,Cantutown,2025-11-26
CUST0828,Taylor Harris,Female,East Nicole,2026-02-21
CUST0829,Guy Kennedy,Female,Angelaberg,2024-10-04
CUST0830,Samuel Willis,Female,Thompsonborough,2026-02-15
CUST0831,Diana Jimenez,Male,Port Kevinchester,2024-12-18
CUST0832,Erica Hood,Male,Meganberg,2025-04-04
CUST0833,Gina Smith MD,Female,Taylortown,2024-09-12
CUST0834,Debra Bennett,Female,Jeanetteville,2025-06-29
CUST0835,Veronica Daniels,Female,Annaberg,2025-11-01
CUST0836,Jamie Santos,Female,North Benjaminberg,2025-01-31
CUST0837,Robert Adams,Female,Lake Frank,2025-09-28
CUST0838,Anna Jackson,Female,Heatherfurt,2024-12-31
CUST0839,Paul Davies,Female,Brownbury,2024-12-06
CUST0840,Ann Chaney,Female,Lake Bryanstad,2023-12-12
CUST0841,Elizabeth Johnson,Male,North Steven,2025-04-16
CUST0842,Brad Collins,Male,Michaelmouth,2026-05-27
CUST0843,Robert Welch,Female,West Stephen,2025-10-21
CUST0844,Jennifer Johnson,Female,Port Amyborough,2024-08-10
CUST0845,Johnny Clark,Female,Jaystad,2025-07-06
CUST0846,Bryan Cortez,Female,Lake Brian,2026-04-16
CUST0847,Michael Romero,Female,Michaelburgh,2024-07-06
CUST0848,Mercedes Pitts,Male,East Juliastad,2024-07-30
CUST0849,Danielle Ramos,Female,Meganberg,2026-01-09
CUST0850,Kelsey Perez,Female,Nathanbury,2025-02-10
CUST0851,Kayla Wells,Male,Victorshire,2024-07-28
CUST0852,Ashley Norris,Female,Port Davidland,2023-11-26
CUST0853,Nathan Salazar,Male,West Samanthaland,2024-05-11
CUST0854,Christy Cunningham,Female,Port David,2024-07-06
CUST0855,William Villa,Male,Michaelport,2025-07-28
CUST0856,Frederick Davis,Female,Millerton,2026-01-14
CUST0857,Robert Rivera,Male,Karenborough,2025-10-09
CUST0858,Morgan Salazar,Female,West Stephenmouth,2025-11-18
CUST0859,Dawn Russell,Female,North Melissa,2023-06-24
CUST0860,Jessica Sanchez,Male,New Jason,2023-06-28
CUST0861,Rhonda Crawford,Female,Josephport,2024-07-06
CUST0862,Noah Washington,Female,Philipborough,2024-01-07
CUST0863,Steven Simpson MD,Female,East Hannahborough,2023-12-26
CUST0864,Jennifer Kim,Male,Clarkland,2024-01-13
CUST0865,Jorge Hopkins,Male,Richardberg,2024-07-23
CUST0866,Sabrina Boyd,Male,Timothyborough,2023-07-08
CUST0867,Ryan Turner,Female,New Davidport,2023-09-16
CUST0868,Teresa Beltran,Male,Fosterview,2025-09-25
CUST0869,Melissa Jones,Female,Lake Mark,2025-10-16
CUST0870,Andrew Morrison,Male,West Lorifort,2025-03-23
CUST0871,Raymond Alvarez,Female,Lisaview,2025-10-19
CUST0872,Victoria Munoz,Female,North Melissa,2025-07-14
CUST0873,Angela Jimenez,Female,Williamsside,2026-06-04
CUST0874,William Wright,Female,Clarkview,2024-01-29
CUST0875,Mr. Christopher Hayes MD,Female,Bryanberg,2026-01-05
CUST0876,Zachary Cunningham,Male,West Michael,2024-01-31
CUST0877,Rose Cantu,Male,Priceton,2024-10-15
CUST0878,Joanne Marshall,Female,South Ashley,2024-04-06
CUST0879,Samuel Thompson,Male,Ryanville,2024-09-14
CUST0880,Randall Murray,Female,Port Thomas,2026-03-29
CUST0881,Jonathan Harris,Male,North Katieshire,2024-12-07
CUST0882,Adam Thompson,Female,Shawburgh,2024-07-02
CUST0883,Christine Smith,Female,New Kathleen,2024-12-27
CUST0884,Anthony Wilson,Male,New Heatherfort,2026-01-27
CUST0885,Phillip Carroll,Female,Brandonside,2025-12-14
CUST0886,Brittney Keller,Male,West Aaron,2024-04-08
CUST0887,Joseph Saunders,Female,Krystalberg,2023-12-06
CUST0888,Michael Walters,Female,Garrettberg,2025-10-21
CUST0889,Phillip Pope,Male,Ellenland,2024-01-01
CUST0890,William Sullivan,Male,Port Donna,2024-09-13
CUST0891,Laura Martin,Female,East Victoria,2025-02-11
CUST0892,Stephen Cooper,Female,West Zacharyland,2023-12-23
CUST0893,William Williams,Female,North Jeffreybury,2026-03-21
CUST0894,Christopher Davis,Female,New Michaelport,2026-02-03
CUST0895,Mrs. Mary Williams DVM,Male,Kimmouth,2025-12-26
CUST0896,Christopher Silva,Female,North Donna,2024-08-27
CUST0897,Logan Cole,Female,Christopherview,2023-11-12
CUST0898,Katie Bailey,Female,Fordmouth,2024-11-15
CUST0899,Michael Taylor,Female,North Patricia,2026-03-02
CUST0900,Laura Arnold,Female,Port Julianfurt,2026-04-19
CUST0901,Steven Holder,Male,Penamouth,2024-10-29
CUST0902,Dwayne Larsen,Female,Lake Coreybury,2025-01-06
CUST0903,Robert Bryant,Female,Lake Melissa,2025-11-12
CUST0904,Taylor Garcia,Female,South Joshua,2025-08-27
CUST0905,Melinda Marshall,Male,Youngborough,2025-11-17
CUST0906,Laura Ross,Female,Brianchester,2025-03-17
CUST0907,Patricia Hill,Male,North Christopher,2023-10-20
CUST0908,Carol Wood,Male,Port Veronicachester,2024-11-11
CUST0909,Christina Ramirez,Male,West Jacqueline,2025-05-08
CUST0910,Carl Howard,Male,Evanshaven,2026-04-06
CUST0911,Kimberly Vance,Female,New Briana,2025-03-13
CUST0912,John Waters,Female,Nicholasshire,2023-09-27
CUST0913,Jessica Gallagher,Male,Lake Jillian,2023-12-07
CUST0914,Benjamin Collins,Female,Rayfurt,2024-08-06
CUST0915,Christopher Young,Male,Port Jillport,2024-10-07
CUST0916,Adam Berger,Female,Fordville,2024-10-01
CUST0917,Robert Frye,Female,East Matthewland,2026-05-18
CUST0918,Ian Adkins,Male,Bartlettstad,2025-10-03
CUST0919,Angela Brown,Male,Barryberg,2025-09-04
CUST0920,Mark Parker,Male,South Martin,2026-01-08
CUST0921,Gary Martin,Male,Shawfurt,2024-03-05
CUST0922,Nicholas Smith,Male,Annettemouth,2026-01-07
CUST0923,Olivia Kim,Female,South Michael,2024-05-05
CUST0924,Ryan Jarvis,Male,North Casey,2025-07-01
CUST0925,John Brady,Female,Chrisfort,2025-09-06
CUST0926,James James,Male,Jessicaside,2023-11-26
CUST0927,Stephen Levine,Male,West Sierra,2024-06-18
CUST0928,Sara Crawford,Female,Brookebury,2024-08-25
CUST0929,Matthew Baker,Female,Lake Kyle,2024-07-21
CUST0930,Timothy Chavez,Female,East Jack,2023-07-02
CUST0931,Stuart Deleon,Male,Kurtmouth,2023-06-25
CUST0932,Jonathon Hughes,Male,New Emilyport,2024-05-13
CUST0933,Elijah Benson,Male,Lake Timothy,2025-05-01
CUST0934,Douglas Mercer,Male,Alvaradochester,2025-03-13
CUST0935,Sean Hall,Male,West Donaldmouth,2025-09-25
CUST0936,Karen Mckinney,Male,Joelshire,2026-03-20
CUST0937,Cindy Scott,Male,Port Paula,2024-08-04
CUST0938,Jeffrey Sutton,Male,North Crystal,2024-01-23
CUST0939,Brian Reynolds,Male,North Suzanne,2023-06-15
CUST0940,Barry Simmons,Female,Williamsbury,2025-01-30
CUST0941,Andrea Perez,Female,Shawmouth,2024-07-07
CUST0942,Kurt Thomas,Female,South Kimberlyville,2025-02-08
CUST0943,Christian Melendez,Male,Mooneyfort,2025-11-08
CUST0944,Douglas Castillo,Male,West Sandra,2025-02-19
CUST0945,James Wilson,Male,Port Kimberly,2024-02-22
CUST0946,Shannon Holland,Male,New Michelle,2023-06-15
CUST0947,Robin Garcia,Female,Port Jennifertown,2025-01-20
CUST0948,Brandon Barry,Male,South Theresaland,2026-02-16
CUST0949,Jonathan Page,Female,Lake Randy,2025-06-30
CUST0950,Elizabeth Martin,Female,Port Chelseaside,2025-09-01
CUST0951,Jasmine Moreno,Male,New Josephtown,2025-11-24
CUST0952,Casey Kirk,Male,Aprilfurt,2024-12-16
CUST0953,Whitney Cowan,Male,Wilsonfurt,2023-10-14
CUST0954,Yvonne Miller,Female,Joneston,2024-02-02
CUST0955,Victoria Gonzalez,Male,Johnsonchester,2025-11-28
CUST0956,Anita Yang,Female,West Penny,2026-03-10
CUST0957,Michael Scott,Female,Roychester,2023-12-01
CUST0958,Sandra Logan,Female,East Jennashire,2025-04-08
CUST0959,Curtis Solomon,Male,Lake Andrewtown,2024-07-22
CUST0960,Michael Lambert,Male,Whiteton,2024-11-27
CUST0961,Heather Mendez,Female,Danielberg,2023-07-29
CUST0962,Adam Young,Female,Gilbertberg,2025-09-29
CUST0963,Diane Barnes,Male,West Allisonside,2025-01-12
CUST0964,Joel Davenport,Female,Rhondaside,2025-05-12
CUST0965,Craig Lopez,Female,South Dawnfurt,2024-08-08
CUST0966,Raymond Floyd,Female,Anthonymouth,2024-08-09
CUST0967,Alexander Rodriguez,Female,Lake Thomas,2025-03-09
CUST0968,Shane Barajas,Female,Martinview,2024-01-05
CUST0969,Kristi Tanner,Male,New Michael,2024-12-07
CUST0970,William Welch,Male,Martinberg,2023-11-15
CUST0971,Alison Howard,Female,South Julieton,2025-06-25
CUST0972,Wayne Vega,Female,South Sarahburgh,2024-06-10
CUST0973,Michelle Myers,Male,Marshmouth,2024-11-08
CUST0974,Joel Fleming,Male,North Sandra,2025-02-20
CUST0975,Christopher Harrison,Female,East Charles,2025-02-24
CUST0976,Mrs. Andrea Chambers,Female,Suttonport,2025-03-17
CUST0977,Jacob Giles,Female,Reedshire,2024-06-12
CUST0978,Joshua George,Male,North Erinborough,2024-06-23
CUST0979,Rodney Liu,Male,Dunnfurt,2025-02-08
CUST0980,David Gregory,Male,Pattersonfurt,2024-07-08
CUST0981,Patricia Boyle,Male,New Michaelside,2025-04-01
CUST0982,Hannah Miller,Female,North Mark,2025-04-16
CUST0983,Jerry Pham,Male,East Brendaport,2024-05-28
CUST0984,Tiffany Jackson,Female,Lake Pamela,2025-06-12
CUST0985,Tim Galvan,Female,Lake Nathaniel,2025-02-13
CUST0986,Elizabeth Thompson,Female,Acevedoport,2026-04-28
CUST0987,Jason Roberts,Female,Maryhaven,2025-06-08
CUST0988,Albert Lewis,Male,Port Andrew,2025-05-21
CUST0989,Crystal Villarreal,Male,New Chris,2025-06-14
CUST0990,Christy Reese,Female,South Deborah,2025-12-07
CUST0991,Rachel Diaz,Male,Suttonview,2023-06-29
CUST0992,William Booth,Male,West Tiffanyberg,2024-09-13
CUST0993,Leah Clark,Male,East Keith,2023-11-17
CUST0994,Joseph Clark,Male,Jamesside,2024-07-13
CUST0995,Renee Martinez,Male,Dunnfort,2024-03-24
CUST0996,Shawna Hardin,Female,New Vickiview,2025-09-14
CUST0997,James Gonzalez,Female,Saraland,2024-06-27
CUST0998,Debra Mccormick,Female,Port Amandafort,2023-12-05
CUST0999,Matthew Farrell,Female,Lisaborough,2025-04-04
CUST1000,Mrs. Whitney Martin,Male,Cherylbury,2024-10-07
